{
  "Win32-AppBar-Change": "https://go.microsoft.com/fwlink/?linkid=2214562",
  "Win32-AppBar-FullDescription": "https://go.microsoft.com/fwlink/?linkid=2214469",
  "Win32-AppBar-ItemStatus": "https://go.microsoft.com/fwlink/?linkid=2214469",
  "Win32-AppBar-Name": "https://go.microsoft.com/fwlink/?linkid=2214649",
  "Win32-Button-Change": "https://go.microsoft.com/fwlink/?linkid=2214562",
  "Win32-Button-FullDescription": "https://go.microsoft.com/fwlink/?linkid=2214469",
  "Win32-Button-ItemStatus": "https://go.microsoft.com/fwlink/?linkid=2214469",
  "Win32-Button-Name": "https://go.microsoft.com/fwlink/?linkid=2214561",
  "Win32-Calendar-Change": "https://go.microsoft.com/fwlink/?linkid=2214562",
  "Win32-Calendar-FullDescription": "https://go.microsoft.com/fwlink/?linkid=2214469",
  "Win32-Calendar-ItemStatus": "https://go.microsoft.com/fwlink/?linkid=2214469",
  "Win32-Calendar-Name": "https://go.microsoft.com/fwlink/?linkid=2214649",
  "Win32-CheckBox-Change": "https://go.microsoft.com/fwlink/?linkid=2214562",
  "Win32-CheckBox-FullDescription": "https://go.microsoft.com/fwlink/?linkid=2214469",
  "Win32-CheckBox-ItemStatus": "https://go.microsoft.com/fwlink/?linkid=2214469",
  "Win32-CheckBox-Name": "https://go.microsoft.com/fwlink/?linkid=2214649",
  "Win32-ComboBox-Change": "https://go.microsoft.com/fwlink/?linkid=2214562",
  "Win32-ComboBox-FullDescription": "https://go.microsoft.com/fwlink/?linkid=2214469",
  "Win32-ComboBox-ItemStatus": "https://go.microsoft.com/fwlink/?linkid=2214469",
  "Win32-ComboBox-Name": "https://go.microsoft.com/fwlink/?linkid=2214649",
  "Win32-Custom-Change": "https://go.microsoft.com/fwlink/?linkid=2214562",
  "Win32-Custom-FullDescription": "https://go.microsoft.com/fwlink/?linkid=2214469",
  "Win32-Custom-ItemStatus": "https://go.microsoft.com/fwlink/?linkid=2214469",
  "Win32-Custom-Name": "https://go.microsoft.com/fwlink/?linkid=2214649",
  "Win32-DataGrid-Change": "https://go.microsoft.com/fwlink/?linkid=2214562",
  "Win32-DataGrid-FullDescription": "https://go.microsoft.com/fwlink/?linkid=2214469",
  "Win32-DataGrid-ItemStatus": "https://go.microsoft.com/fwlink/?linkid=2214469",
  "Win32-DataGrid-Name": "https://go.microsoft.com/fwlink/?linkid=2214649",
  "Win32-DataItem-Change": "https://go.microsoft.com/fwlink/?linkid=2214562",
  "Win32-DataItem-FullDescription": "https://go.microsoft.com/fwlink/?linkid=2214469",
  "Win32-DataItem-ItemStatus": "https://go.microsoft.com/fwlink/?linkid=2214469",
  "Win32-DataItem-Name": "https://go.microsoft.com/fwlink/?linkid=2214649",
  "Win32-Document-Change": "https://go.microsoft.com/fwlink/?linkid=2214562",
  "Win32-Document-FullDescription": "https://go.microsoft.com/fwlink/?linkid=2214469",
  "Win32-Document-ItemStatus": "https://go.microsoft.com/fwlink/?linkid=2214469",
  "Win32-Document-Name": "https://go.microsoft.com/fwlink/?linkid=2214649",
  "Win32-Edit-Change": "https://go.microsoft.com/fwlink/?linkid=2214562",
  "Win32-Edit-FullDescription": "https://go.microsoft.com/fwlink/?linkid=2214469",
  "Win32-Edit-ItemStatus": "https://go.microsoft.com/fwlink/?linkid=2214469",
  "Win32-Edit-Name": "https://go.microsoft.com/fwlink/?linkid=2214563",
  "Win32-Group-Change": "https://go.microsoft.com/fwlink/?linkid=2214562",
  "Win32-Group-FullDescription": "https://go.microsoft.com/fwlink/?linkid=2214469",
  "Win32-Group-ItemStatus": "https://go.microsoft.com/fwlink/?linkid=2214469",
  "Win32-Group-Name": "https://go.microsoft.com/fwlink/?linkid=2214649",
  "Win32-Header-Change": "https://go.microsoft.com/fwlink/?linkid=2214562",
  "Win32-Header-FullDescription": "https://go.microsoft.com/fwlink/?linkid=2214469",
  "Win32-Header-ItemStatus": "https://go.microsoft.com/fwlink/?linkid=2214469",
  "Win32-Header-Name": "https://go.microsoft.com/fwlink/?linkid=2214649",
  "Win32-HeaderItem-Change": "https://go.microsoft.com/fwlink/?linkid=2214562",
  "Win32-HeaderItem-FullDescription": "https://go.microsoft.com/fwlink/?linkid=2214469",
  "Win32-HeaderItem-ItemStatus": "https://go.microsoft.com/fwlink/?linkid=2214469",
  "Win32-HeaderItem-Name": "https://go.microsoft.com/fwlink/?linkid=2214649",
  "Win32-Hyperlink-Change": "https://go.microsoft.com/fwlink/?linkid=2214562",
  "Win32-Hyperlink-FullDescription": "https://go.microsoft.com/fwlink/?linkid=2214469",
  "Win32-Hyperlink-ItemStatus": "https://go.microsoft.com/fwlink/?linkid=2214469",
  "Win32-Hyperlink-Name": "https://go.microsoft.com/fwlink/?linkid=2214566",
  "Win32-Image-Change": "https://go.microsoft.com/fwlink/?linkid=2214562",
  "Win32-Image-ControlType": "https://go.microsoft.com/fwlink/?linkid=2214564",
  "Win32-Image-FullDescription": "https://go.microsoft.com/fwlink/?linkid=2214469",
  "Win32-Image-ItemStatus": "https://go.microsoft.com/fwlink/?linkid=2214469",
  "Win32-Image-Name": "https://go.microsoft.com/fwlink/?linkid=2214650",
  "Win32-List-Change": "https://go.microsoft.com/fwlink/?linkid=2214562",
  "Win32-List-FullDescription": "https://go.microsoft.com/fwlink/?linkid=2214469",
  "Win32-List-ItemStatus": "https://go.microsoft.com/fwlink/?linkid=2214469",
  "Win32-List-Name": "https://go.microsoft.com/fwlink/?linkid=2214651",
  "Win32-ListItem-Change": "https://go.microsoft.com/fwlink/?linkid=2214562",
  "Win32-ListItem-FullDescription": "https://go.microsoft.com/fwlink/?linkid=2214469",
  "Win32-ListItem-ItemStatus": "https://go.microsoft.com/fwlink/?linkid=2214469",
  "Win32-ListItem-Name": "https://go.microsoft.com/fwlink/?linkid=2214565",
  "Win32-Menu-Change": "https://go.microsoft.com/fwlink/?linkid=2214562",
  "Win32-Menu-FullDescription": "https://go.microsoft.com/fwlink/?linkid=2214469",
  "Win32-Menu-ItemStatus": "https://go.microsoft.com/fwlink/?linkid=2214469",
  "Win32-Menu-Name": "https://go.microsoft.com/fwlink/?linkid=2214649",
  "Win32-MenuBar-Change": "https://go.microsoft.com/fwlink/?linkid=2214562",
  "Win32-MenuBar-FullDescription": "https://go.microsoft.com/fwlink/?linkid=2214469",
  "Win32-MenuBar-ItemStatus": "https://go.microsoft.com/fwlink/?linkid=2214469",
  "Win32-MenuBar-Name": "https://go.microsoft.com/fwlink/?linkid=2214649",
  "Win32-MenuItem-Change": "https://go.microsoft.com/fwlink/?linkid=2214562",
  "Win32-MenuItem-FullDescription": "https://go.microsoft.com/fwlink/?linkid=2214469",
  "Win32-MenuItem-ItemStatus": "https://go.microsoft.com/fwlink/?linkid=2214469",
  "Win32-MenuItem-Name": "https://go.microsoft.com/fwlink/?linkid=2214649",
  "Win32-Pane-Change": "https://go.microsoft.com/fwlink/?linkid=2214562",
  "Win32-Pane-FullDescription": "https://go.microsoft.com/fwlink/?linkid=2214469",
  "Win32-Pane-ItemStatus": "https://go.microsoft.com/fwlink/?linkid=2214469",
  "Win32-Pane-Name": "https://go.microsoft.com/fwlink/?linkid=2214649",
  "Win32-ProgressBar-Change": "https://go.microsoft.com/fwlink/?linkid=2214562",
  "Win32-ProgressBar-FullDescription": "https://go.microsoft.com/fwlink/?linkid=2214469",
  "Win32-ProgressBar-ItemStatus": "https://go.microsoft.com/fwlink/?linkid=2214469",
  "Win32-ProgressBar-Name": "https://go.microsoft.com/fwlink/?linkid=2214652",
  "Win32-RadioButton-Change": "https://go.microsoft.com/fwlink/?linkid=2214562",
  "Win32-RadioButton-FullDescription": "https://go.microsoft.com/fwlink/?linkid=2214469",
  "Win32-RadioButton-ItemStatus": "https://go.microsoft.com/fwlink/?linkid=2214469",
  "Win32-RadioButton-Name": "https://go.microsoft.com/fwlink/?linkid=2214568",
  "Win32-ScrollBar-Change": "https://go.microsoft.com/fwlink/?linkid=2214562",
  "Win32-ScrollBar-FullDescription": "https://go.microsoft.com/fwlink/?linkid=2214469",
  "Win32-ScrollBar-ItemStatus": "https://go.microsoft.com/fwlink/?linkid=2214469",
  "Win32-ScrollBar-Name": "https://go.microsoft.com/fwlink/?linkid=2214649",
  "Win32-SemanticZoom-Change": "https://go.microsoft.com/fwlink/?linkid=2214562",
  "Win32-SemanticZoom-FullDescription": "https://go.microsoft.com/fwlink/?linkid=2214469",
  "Win32-SemanticZoom-ItemStatus": "https://go.microsoft.com/fwlink/?linkid=2214469",
  "Win32-SemanticZoom-Name": "https://go.microsoft.com/fwlink/?linkid=2214649",
  "Win32-Separator-Change": "https://go.microsoft.com/fwlink/?linkid=2214562",
  "Win32-Separator-FullDescription": "https://go.microsoft.com/fwlink/?linkid=2214469",
  "Win32-Separator-ItemStatus": "https://go.microsoft.com/fwlink/?linkid=2214469",
  "Win32-Separator-Name": "https://go.microsoft.com/fwlink/?linkid=2214649",
  "Win32-Slider-Change": "https://go.microsoft.com/fwlink/?linkid=2214562",
  "Win32-Slider-FullDescription": "https://go.microsoft.com/fwlink/?linkid=2214469",
  "Win32-Slider-ItemStatus": "https://go.microsoft.com/fwlink/?linkid=2214469",
  "Win32-Slider-Name": "https://go.microsoft.com/fwlink/?linkid=2214649",
  "Win32-Spinner-Change": "https://go.microsoft.com/fwlink/?linkid=2214562",
  "Win32-Spinner-FullDescription": "https://go.microsoft.com/fwlink/?linkid=2214469",
  "Win32-Spinner-ItemStatus": "https://go.microsoft.com/fwlink/?linkid=2214469",
  "Win32-Spinner-Name": "https://go.microsoft.com/fwlink/?linkid=2214649",
  "Win32-SplitButton-Change": "https://go.microsoft.com/fwlink/?linkid=2214562",
  "Win32-SplitButton-FullDescription": "https://go.microsoft.com/fwlink/?linkid=2214469",
  "Win32-SplitButton-ItemStatus": "https://go.microsoft.com/fwlink/?linkid=2214469",
  "Win32-SplitButton-Name": "https://go.microsoft.com/fwlink/?linkid=2214649",
  "Win32-StatusBar-Change": "https://go.microsoft.com/fwlink/?linkid=2214562",
  "Win32-StatusBar-FullDescription": "https://go.microsoft.com/fwlink/?linkid=2214469",
  "Win32-StatusBar-ItemStatus": "https://go.microsoft.com/fwlink/?linkid=2214469",
  "Win32-StatusBar-Name": "https://go.microsoft.com/fwlink/?linkid=2214649",
  "Win32-Tab-Change": "https://go.microsoft.com/fwlink/?linkid=2214562",
  "Win32-Tab-FullDescription": "https://go.microsoft.com/fwlink/?linkid=2214469",
  "Win32-Tab-ItemStatus": "https://go.microsoft.com/fwlink/?linkid=2214469",
  "Win32-Tab-Name": "https://go.microsoft.com/fwlink/?linkid=2214649",
  "Win32-TabItem-Change": "https://go.microsoft.com/fwlink/?linkid=2214562",
  "Win32-TabItem-FullDescription": "https://go.microsoft.com/fwlink/?linkid=2214469",
  "Win32-TabItem-ItemStatus": "https://go.microsoft.com/fwlink/?linkid=2214469",
  "Win32-TabItem-Name": "https://go.microsoft.com/fwlink/?linkid=2214649",
  "Win32-Table-Change": "https://go.microsoft.com/fwlink/?linkid=2214562",
  "Win32-Table-FullDescription": "https://go.microsoft.com/fwlink/?linkid=2214469",
  "Win32-Table-ItemStatus": "https://go.microsoft.com/fwlink/?linkid=2214469",
  "Win32-Table-Name": "https://go.microsoft.com/fwlink/?linkid=2214649",
  "Win32-Text-Change": "https://go.microsoft.com/fwlink/?linkid=2214562",
  "Win32-Text-FullDescription": "https://go.microsoft.com/fwlink/?linkid=2214469",
  "Win32-Text-ItemStatus": "https://go.microsoft.com/fwlink/?linkid=2214469",
  "Win32-Text-LiveSetting": "https://go.microsoft.com/fwlink/?linkid=2214567",
  "Win32-Text-Name": "https://go.microsoft.com/fwlink/?linkid=2214478",
  "Win32-Thumb-Change": "https://go.microsoft.com/fwlink/?linkid=2214562",
  "Win32-Thumb-FullDescription": "https://go.microsoft.com/fwlink/?linkid=2214469",
  "Win32-Thumb-ItemStatus": "https://go.microsoft.com/fwlink/?linkid=2214469",
  "Win32-Thumb-Name": "https://go.microsoft.com/fwlink/?linkid=2214649",
  "Win32-TitleBar-Change": "https://go.microsoft.com/fwlink/?linkid=2214562",
  "Win32-TitleBar-FullDescription": "https://go.microsoft.com/fwlink/?linkid=2214469",
  "Win32-TitleBar-ItemStatus": "https://go.microsoft.com/fwlink/?linkid=2214469",
  "Win32-TitleBar-Name": "https://go.microsoft.com/fwlink/?linkid=2214649",
  "Win32-ToolBar-Change": "https://go.microsoft.com/fwlink/?linkid=2214562",
  "Win32-ToolBar-FullDescription": "https://go.microsoft.com/fwlink/?linkid=2214469",
  "Win32-ToolBar-ItemStatus": "https://go.microsoft.com/fwlink/?linkid=2214469",
  "Win32-ToolBar-Name": "https://go.microsoft.com/fwlink/?linkid=2214649",
  "Win32-ToolTip-Change": "https://go.microsoft.com/fwlink/?linkid=2214562",
  "Win32-ToolTip-FullDescription": "https://go.microsoft.com/fwlink/?linkid=2214469",
  "Win32-ToolTip-ItemStatus": "https://go.microsoft.com/fwlink/?linkid=2214469",
  "Win32-ToolTip-Name": "https://go.microsoft.com/fwlink/?linkid=2214649",
  "Win32-Tree-Change": "https://go.microsoft.com/fwlink/?linkid=2214562",
  "Win32-Tree-FullDescription": "https://go.microsoft.com/fwlink/?linkid=2214469",
  "Win32-Tree-ItemStatus": "https://go.microsoft.com/fwlink/?linkid=2214469",
  "Win32-Tree-Name": "https://go.microsoft.com/fwlink/?linkid=2214479",
  "Win32-TreeItem-Change": "https://go.microsoft.com/fwlink/?linkid=2214562",
  "Win32-TreeItem-FullDescription": "https://go.microsoft.com/fwlink/?linkid=2214469",
  "Win32-TreeItem-ItemStatus": "https://go.microsoft.com/fwlink/?linkid=2214469",
  "Win32-TreeItem-Name": "https://go.microsoft.com/fwlink/?linkid=2214649",
  "Win32-Window-Change": "https://go.microsoft.com/fwlink/?linkid=2214562",
  "Win32-Window-FullDescription": "https://go.microsoft.com/fwlink/?linkid=2214469",
  "Win32-Window-ItemStatus": "https://go.microsoft.com/fwlink/?linkid=2214469",
  "Win32-Window-LocalizedControlType": "https://go.microsoft.com/fwlink/?linkid=2214480",
  "Win32-Window-Name": "https://go.microsoft.com/fwlink/?linkid=2214649",
  "WinForm-AppBar-HelpText": "https://go.microsoft.com/fwlink/?linkid=2214550",
  "WinForm-AppBar-Name": "https://go.microsoft.com/fwlink/?linkid=2214468",
  "WinForm-Button-HelpText": "https://go.microsoft.com/fwlink/?linkid=2214547",
  "WinForm-Button-Name": "https://go.microsoft.com/fwlink/?linkid=2214641",
  "WinForm-Button-ValueValue": "https://go.microsoft.com/fwlink/?linkid=2214646",
  "WinForm-Calendar-HelpText": "https://go.microsoft.com/fwlink/?linkid=2214550",
  "WinForm-Calendar-Name": "https://go.microsoft.com/fwlink/?linkid=2214468",
  "WinForm-CheckBox-HelpText": "https://go.microsoft.com/fwlink/?linkid=2214550",
  "WinForm-CheckBox-Name": "https://go.microsoft.com/fwlink/?linkid=2214468",
  "WinForm-CheckBox-ToggleToggleState": "https://go.microsoft.com/fwlink/?linkid=2214636",
  "WinForm-ComboBox-HelpText": "https://go.microsoft.com/fwlink/?linkid=2214550",
  "WinForm-ComboBox-IsExpandCollapsePatternAvailable": "https://go.microsoft.com/fwlink/?linkid=2214559",
  "WinForm-ComboBox-Name": "https://go.microsoft.com/fwlink/?linkid=2214468",
  "WinForm-Custom-HelpText": "https://go.microsoft.com/fwlink/?linkid=2214550",
  "WinForm-Custom-Name": "https://go.microsoft.com/fwlink/?linkid=2214468",
  "WinForm-DataGrid-HelpText": "https://go.microsoft.com/fwlink/?linkid=2214550",
  "WinForm-DataGrid-Name": "https://go.microsoft.com/fwlink/?linkid=2214468",
  "WinForm-DataItem-HelpText": "https://go.microsoft.com/fwlink/?linkid=2214463",
  "WinForm-DataItem-Name": "https://go.microsoft.com/fwlink/?linkid=2214637",
  "WinForm-DataItem-ValueValue": "https://go.microsoft.com/fwlink/?linkid=2214645",
  "WinForm-Document-HelpText": "https://go.microsoft.com/fwlink/?linkid=2214550",
  "WinForm-Document-Name": "https://go.microsoft.com/fwlink/?linkid=2214468",
  "WinForm-Edit-HelpText": "https://go.microsoft.com/fwlink/?linkid=2214550",
  "WinForm-Edit-Name": "https://go.microsoft.com/fwlink/?linkid=2214644",
  "WinForm-Group-HelpText": "https://go.microsoft.com/fwlink/?linkid=2214550",
  "WinForm-Group-Name": "https://go.microsoft.com/fwlink/?linkid=2214468",
  "WinForm-Header-HelpText": "https://go.microsoft.com/fwlink/?linkid=2214550",
  "WinForm-Header-Name": "https://go.microsoft.com/fwlink/?linkid=2214468",
  "WinForm-HeaderItem-HelpText": "https://go.microsoft.com/fwlink/?linkid=2214550",
  "WinForm-HeaderItem-Name": "https://go.microsoft.com/fwlink/?linkid=2214468",
  "WinForm-Hyperlink-HelpText": "https://go.microsoft.com/fwlink/?linkid=2214477",
  "WinForm-Hyperlink-Name": "https://go.microsoft.com/fwlink/?linkid=2214462",
  "WinForm-Image-ControlType": "https://go.microsoft.com/fwlink/?linkid=2214635",
  "WinForm-Image-HelpText": "https://go.microsoft.com/fwlink/?linkid=2214557",
  "WinForm-Image-Name": "https://go.microsoft.com/fwlink/?linkid=2214548",
  "WinForm-List-HelpText": "https://go.microsoft.com/fwlink/?linkid=2214550",
  "WinForm-List-Name": "https://go.microsoft.com/fwlink/?linkid=2214555",
  "WinForm-ListItem-HelpText": "https://go.microsoft.com/fwlink/?linkid=2214550",
  "WinForm-ListItem-Name": "https://go.microsoft.com/fwlink/?linkid=2214468",
  "WinForm-Menu-HelpText": "https://go.microsoft.com/fwlink/?linkid=2214550",
  "WinForm-Menu-Name": "https://go.microsoft.com/fwlink/?linkid=2214468",
  "WinForm-MenuBar-HelpText": "https://go.microsoft.com/fwlink/?linkid=2214550",
  "WinForm-MenuBar-Name": "https://go.microsoft.com/fwlink/?linkid=2214468",
  "WinForm-MenuItem-AcceleratorKey": "https://go.microsoft.com/fwlink/?linkid=2214466",
  "WinForm-MenuItem-HelpText": "https://go.microsoft.com/fwlink/?linkid=2214550",
  "WinForm-MenuItem-Name": "https://go.microsoft.com/fwlink/?linkid=2214459",
  "WinForm-Pane-ControlType": "https://go.microsoft.com/fwlink/?linkid=2214458",
  "WinForm-Pane-HelpText": "https://go.microsoft.com/fwlink/?linkid=2214550",
  "WinForm-Pane-Name": "https://go.microsoft.com/fwlink/?linkid=2214468",
  "WinForm-ProgressBar-HelpText": "https://go.microsoft.com/fwlink/?linkid=2214550",
  "WinForm-ProgressBar-Name": "https://go.microsoft.com/fwlink/?linkid=2214468",
  "WinForm-RadioButton-HelpText": "https://go.microsoft.com/fwlink/?linkid=2214550",
  "WinForm-RadioButton-Name": "https://go.microsoft.com/fwlink/?linkid=2214468",
  "WinForm-ScrollBar-HelpText": "https://go.microsoft.com/fwlink/?linkid=2214550",
  "WinForm-ScrollBar-Name": "https://go.microsoft.com/fwlink/?linkid=2214468",
  "WinForm-SemanticZoom-HelpText": "https://go.microsoft.com/fwlink/?linkid=2214550",
  "WinForm-SemanticZoom-Name": "https://go.microsoft.com/fwlink/?linkid=2214468",
  "WinForm-Separator-HelpText": "https://go.microsoft.com/fwlink/?linkid=2214550",
  "WinForm-Separator-Name": "https://go.microsoft.com/fwlink/?linkid=2214468",
  "WinForm-Slider-HelpText": "https://go.microsoft.com/fwlink/?linkid=2214550",
  "WinForm-Slider-Name": "https://go.microsoft.com/fwlink/?linkid=2214468",
  "WinForm-Spinner-HelpText": "https://go.microsoft.com/fwlink/?linkid=2214550",
  "WinForm-Spinner-Name": "https://go.microsoft.com/fwlink/?linkid=2214468",
  "WinForm-SplitButton-HelpText": "https://go.microsoft.com/fwlink/?linkid=2214550",
  "WinForm-SplitButton-Name": "https://go.microsoft.com/fwlink/?linkid=2214468",
  "WinForm-StatusBar-HelpText": "https://go.microsoft.com/fwlink/?linkid=2214550",
  "WinForm-StatusBar-Name": "https://go.microsoft.com/fwlink/?linkid=2214468",
  "WinForm-Tab-HelpText": "https://go.microsoft.com/fwlink/?linkid=2214550",
  "WinForm-Tab-Name": "https://go.microsoft.com/fwlink/?linkid=2214468",
  "WinForm-TabItem-HelpText": "https://go.microsoft.com/fwlink/?linkid=2214550",
  "WinForm-TabItem-Name": "https://go.microsoft.com/fwlink/?linkid=2214468",
  "WinForm-Table-HelpText": "https://go.microsoft.com/fwlink/?linkid=2214550",
  "WinForm-Table-IsGridPatternAvailable": "https://go.microsoft.com/fwlink/?linkid=2214476",
  "WinForm-Table-IsTablePatternAvailable": "https://go.microsoft.com/fwlink/?linkid=2214476",
  "WinForm-Table-Name": "https://go.microsoft.com/fwlink/?linkid=2214468",
  "WinForm-Text-HelpText": "https://go.microsoft.com/fwlink/?linkid=2214550",
  "WinForm-Text-Name": "https://go.microsoft.com/fwlink/?linkid=2214556",
  "WinForm-Thumb-HelpText": "https://go.microsoft.com/fwlink/?linkid=2214550",
  "WinForm-Thumb-Name": "https://go.microsoft.com/fwlink/?linkid=2214468",
  "WinForm-TitleBar-HelpText": "https://go.microsoft.com/fwlink/?linkid=2214550",
  "WinForm-TitleBar-Name": "https://go.microsoft.com/fwlink/?linkid=2214468",
  "WinForm-ToolBar-HelpText": "https://go.microsoft.com/fwlink/?linkid=2214550",
  "WinForm-ToolBar-Name": "https://go.microsoft.com/fwlink/?linkid=2214468",
  "WinForm-ToolTip-HelpText": "https://go.microsoft.com/fwlink/?linkid=2214550",
  "WinForm-ToolTip-Name": "https://go.microsoft.com/fwlink/?linkid=2214468",
  "WinForm-Tree-HelpText": "https://go.microsoft.com/fwlink/?linkid=2214550",
  "WinForm-Tree-Name": "https://go.microsoft.com/fwlink/?linkid=2214643",
  "WinForm-TreeItem-HelpText": "https://go.microsoft.com/fwlink/?linkid=2214550",
  "WinForm-TreeItem-IsExpandCollapsePatternAvailable": "https://go.microsoft.com/fwlink/?linkid=2214554",
  "WinForm-TreeItem-Name": "https://go.microsoft.com/fwlink/?linkid=2214468",
  "WinForm-Window-HelpText": "https://go.microsoft.com/fwlink/?linkid=2214550",
  "WinForm-Window-Name": "https://go.microsoft.com/fwlink/?linkid=2214468",
  "WPF-AppBar-AutomationProperties": "https://go.microsoft.com/fwlink/?linkid=2214484",
  "WPF-AppBar-HelpText": "https://go.microsoft.com/fwlink/?linkid=2214570",
  "WPF-AppBar-IsControlElement": "https://go.microsoft.com/fwlink/?linkid=2214485",
  "WPF-Button-AutomationProperties": "https://go.microsoft.com/fwlink/?linkid=2214484",
  "WPF-Button-HelpText": "https://go.microsoft.com/fwlink/?linkid=2214570",
  "WPF-Button-IsControlElement": "https://go.microsoft.com/fwlink/?linkid=2214485",
  "WPF-Button-IsExpandCollapsePatternAvailable": "https://go.microsoft.com/fwlink/?linkid=2214482",
  "WPF-Button-IsKeyboardFocusable": "https://go.microsoft.com/fwlink/?linkid=2214481",
  "WPF-Button-Name": "https://go.microsoft.com/fwlink/?linkid=2214483",
  "WPF-Calendar-AutomationProperties": "https://go.microsoft.com/fwlink/?linkid=2214484",
  "WPF-Calendar-HelpText": "https://go.microsoft.com/fwlink/?linkid=2214570",
  "WPF-Calendar-IsControlElement": "https://go.microsoft.com/fwlink/?linkid=2214485",
  "WPF-CheckBox-AutomationProperties": "https://go.microsoft.com/fwlink/?linkid=2214484",
  "WPF-CheckBox-HelpText": "https://go.microsoft.com/fwlink/?linkid=2214570",
  "WPF-CheckBox-IsControlElement": "https://go.microsoft.com/fwlink/?linkid=2214485",
  "WPF-ComboBox-AutomationProperties": "https://go.microsoft.com/fwlink/?linkid=2214484",
  "WPF-ComboBox-HelpText": "https://go.microsoft.com/fwlink/?linkid=2214570",
  "WPF-ComboBox-IsControlElement": "https://go.microsoft.com/fwlink/?linkid=2214485",
  "WPF-ComboBox-Name": "https://go.microsoft.com/fwlink/?linkid=2214569",
  "WPF-Custom-AutomationProperties": "https://go.microsoft.com/fwlink/?linkid=2214484",
  "WPF-Custom-FocusEvent": "https://go.microsoft.com/fwlink/?linkid=2214571",
  "WPF-Custom-HelpText": "https://go.microsoft.com/fwlink/?linkid=2214570",
  "WPF-Custom-IsControlElement": "https://go.microsoft.com/fwlink/?linkid=2214485",
  "WPF-Custom-LocalizedControlType": "https://go.microsoft.com/fwlink/?linkid=2214653",
  "WPF-Custom-Name": "https://go.microsoft.com/fwlink/?linkid=2214486",
  "WPF-DataGrid-AutomationProperties": "https://go.microsoft.com/fwlink/?linkid=2214484",
  "WPF-DataGrid-HelpText": "https://go.microsoft.com/fwlink/?linkid=2214570",
  "WPF-DataGrid-IsControlElement": "https://go.microsoft.com/fwlink/?linkid=2214485",
  "WPF-DataGrid-Name": "https://go.microsoft.com/fwlink/?linkid=2214654",
  "WPF-DataItem-AutomationProperties": "https://go.microsoft.com/fwlink/?linkid=2214484",
  "WPF-DataItem-HelpText": "https://go.microsoft.com/fwlink/?linkid=2214570",
  "WPF-DataItem-IsControlElement": "https://go.microsoft.com/fwlink/?linkid=2214485",
  "WPF-Document-AutomationProperties": "https://go.microsoft.com/fwlink/?linkid=2214484",
  "WPF-Document-HelpText": "https://go.microsoft.com/fwlink/?linkid=2214570",
  "WPF-Document-IsControlElement": "https://go.microsoft.com/fwlink/?linkid=2214485",
  "WPF-Edit-AutomationProperties": "https://go.microsoft.com/fwlink/?linkid=2214484",
  "WPF-Edit-HelpText": "https://go.microsoft.com/fwlink/?linkid=2214572",
  "WPF-Edit-IsControlElement": "https://go.microsoft.com/fwlink/?linkid=2214485",
  "WPF-Edit-ItemStatus": "https://go.microsoft.com/fwlink/?linkid=2214572",
  "WPF-Edit-Name": "https://go.microsoft.com/fwlink/?linkid=2214573",
  "WPF-Group-AutomationProperties": "https://go.microsoft.com/fwlink/?linkid=2214484",
  "WPF-Group-HelpText": "https://go.microsoft.com/fwlink/?linkid=2214570",
  "WPF-Group-IsControlElement": "https://go.microsoft.com/fwlink/?linkid=2214485",
  "WPF-Header-AutomationProperties": "https://go.microsoft.com/fwlink/?linkid=2214484",
  "WPF-Header-HelpText": "https://go.microsoft.com/fwlink/?linkid=2214570",
  "WPF-Header-IsControlElement": "https://go.microsoft.com/fwlink/?linkid=2214485",
  "WPF-HeaderItem-AutomationProperties": "https://go.microsoft.com/fwlink/?linkid=2214484",
  "WPF-HeaderItem-HelpText": "https://go.microsoft.com/fwlink/?linkid=2214570",
  "WPF-HeaderItem-IsControlElement": "https://go.microsoft.com/fwlink/?linkid=2214485",
  "WPF-HeaderItem-IsKeyboardFocusable": "https://go.microsoft.com/fwlink/?linkid=2214574",
  "WPF-Hyperlink-AutomationProperties": "https://go.microsoft.com/fwlink/?linkid=2214484",
  "WPF-Hyperlink-HelpText": "https://go.microsoft.com/fwlink/?linkid=2214570",
  "WPF-Hyperlink-IsControlElement": "https://go.microsoft.com/fwlink/?linkid=2214485",
  "WPF-Image-AutomationProperties": "https://go.microsoft.com/fwlink/?linkid=2214484",
  "WPF-Image-HelpText": "https://go.microsoft.com/fwlink/?linkid=2214570",
  "WPF-Image-IsControlElement": "https://go.microsoft.com/fwlink/?linkid=2214485",
  "WPF-Image-Name": "https://go.microsoft.com/fwlink/?linkid=2214487",
  "WPF-List-AutomationProperties": "https://go.microsoft.com/fwlink/?linkid=2214484",
  "WPF-List-HelpText": "https://go.microsoft.com/fwlink/?linkid=2214570",
  "WPF-List-IsControlElement": "https://go.microsoft.com/fwlink/?linkid=2214485",
  "WPF-List-Name": "https://go.microsoft.com/fwlink/?linkid=2214575",
  "WPF-ListItem-AutomationProperties": "https://go.microsoft.com/fwlink/?linkid=2214484",
  "WPF-ListItem-HelpText": "https://go.microsoft.com/fwlink/?linkid=2214570",
  "WPF-ListItem-IsControlElement": "https://go.microsoft.com/fwlink/?linkid=2214485",
  "WPF-Menu-AutomationProperties": "https://go.microsoft.com/fwlink/?linkid=2214484",
  "WPF-Menu-HelpText": "https://go.microsoft.com/fwlink/?linkid=2214570",
  "WPF-Menu-IsControlElement": "https://go.microsoft.com/fwlink/?linkid=2214485",
  "WPF-Menu-IsKeyboardFocusable": "https://go.microsoft.com/fwlink/?linkid=2214488",
  "WPF-MenuBar-AutomationProperties": "https://go.microsoft.com/fwlink/?linkid=2214484",
  "WPF-MenuBar-HelpText": "https://go.microsoft.com/fwlink/?linkid=2214570",
  "WPF-MenuBar-IsControlElement": "https://go.microsoft.com/fwlink/?linkid=2214485",
  "WPF-MenuItem-AutomationProperties": "https://go.microsoft.com/fwlink/?linkid=2214484",
  "WPF-MenuItem-HelpText": "https://go.microsoft.com/fwlink/?linkid=2214570",
  "WPF-MenuItem-IsControlElement": "https://go.microsoft.com/fwlink/?linkid=2214485",
  "WPF-Pane-AutomationProperties": "https://go.microsoft.com/fwlink/?linkid=2214484",
  "WPF-Pane-HelpText": "https://go.microsoft.com/fwlink/?linkid=2214570",
  "WPF-Pane-IsControlElement": "https://go.microsoft.com/fwlink/?linkid=2214485",
  "WPF-ProgressBar-AutomationProperties": "https://go.microsoft.com/fwlink/?linkid=2214484",
  "WPF-ProgressBar-HelpText": "https://go.microsoft.com/fwlink/?linkid=2214570",
  "WPF-ProgressBar-IsControlElement": "https://go.microsoft.com/fwlink/?linkid=2214485",
  "WPF-ProgressBar-Name": "https://go.microsoft.com/fwlink/?linkid=2214656",
  "WPF-RadioButton-AutomationProperties": "https://go.microsoft.com/fwlink/?linkid=2214484",
  "WPF-RadioButton-HelpText": "https://go.microsoft.com/fwlink/?linkid=2214570",
  "WPF-RadioButton-IsControlElement": "https://go.microsoft.com/fwlink/?linkid=2214485",
  "WPF-RadioButton-Name": "https://go.microsoft.com/fwlink/?linkid=2214655",
  "WPF-ScrollBar-AutomationProperties": "https://go.microsoft.com/fwlink/?linkid=2214484",
  "WPF-ScrollBar-HelpText": "https://go.microsoft.com/fwlink/?linkid=2214570",
  "WPF-ScrollBar-IsControlElement": "https://go.microsoft.com/fwlink/?linkid=2214485",
  "WPF-SemanticZoom-AutomationProperties": "https://go.microsoft.com/fwlink/?linkid=2214484",
  "WPF-SemanticZoom-HelpText": "https://go.microsoft.com/fwlink/?linkid=2214570",
  "WPF-SemanticZoom-IsControlElement": "https://go.microsoft.com/fwlink/?linkid=2214485",
  "WPF-Separator-AutomationProperties": "https://go.microsoft.com/fwlink/?linkid=2214484",
  "WPF-Separator-HelpText": "https://go.microsoft.com/fwlink/?linkid=2214570",
  "WPF-Separator-IsControlElement": "https://go.microsoft.com/fwlink/?linkid=2214485",
  "WPF-Slider-AutomationProperties": "https://go.microsoft.com/fwlink/?linkid=2214484",
  "WPF-Slider-HelpText": "https://go.microsoft.com/fwlink/?linkid=2214570",
  "WPF-Slider-IsControlElement": "https://go.microsoft.com/fwlink/?linkid=2214485",
  "WPF-Spinner-AutomationProperties": "https://go.microsoft.com/fwlink/?linkid=2214484",
  "WPF-Spinner-HelpText": "https://go.microsoft.com/fwlink/?linkid=2214570",
  "WPF-Spinner-IsControlElement": "https://go.microsoft.com/fwlink/?linkid=2214485",
  "WPF-SplitButton-AutomationProperties": "https://go.microsoft.com/fwlink/?linkid=2214484",
  "WPF-SplitButton-HelpText": "https://go.microsoft.com/fwlink/?linkid=2214570",
  "WPF-SplitButton-IsControlElement": "https://go.microsoft.com/fwlink/?linkid=2214485",
  "WPF-StatusBar-AutomationProperties": "https://go.microsoft.com/fwlink/?linkid=2214484",
  "WPF-StatusBar-HelpText": "https://go.microsoft.com/fwlink/?linkid=2214570",
  "WPF-StatusBar-IsControlElement": "https://go.microsoft.com/fwlink/?linkid=2214485",
  "WPF-Tab-AutomationProperties": "https://go.microsoft.com/fwlink/?linkid=2214484",
  "WPF-Tab-HelpText": "https://go.microsoft.com/fwlink/?linkid=2214570",
  "WPF-Tab-IsControlElement": "https://go.microsoft.com/fwlink/?linkid=2214485",
  "WPF-TabItem-AutomationProperties": "https://go.microsoft.com/fwlink/?linkid=2214484",
  "WPF-TabItem-HelpText": "https://go.microsoft.com/fwlink/?linkid=2214657",
  "WPF-TabItem-IsControlElement": "https://go.microsoft.com/fwlink/?linkid=2214485",
  "WPF-Table-AutomationProperties": "https://go.microsoft.com/fwlink/?linkid=2214484",
  "WPF-Table-HelpText": "https://go.microsoft.com/fwlink/?linkid=2214570",
  "WPF-Table-IsControlElement": "https://go.microsoft.com/fwlink/?linkid=2214485",
  "WPF-Text-AutomationProperties": "https://go.microsoft.com/fwlink/?linkid=2214484",
  "WPF-Text-HelpText": "https://go.microsoft.com/fwlink/?linkid=2214570",
  "WPF-Text-IsControlElement": "https://go.microsoft.com/fwlink/?linkid=2214485",
  "WPF-Text-LiveSetting": "https://go.microsoft.com/fwlink/?linkid=2214659",
  "WPF-Text-Name": "https://go.microsoft.com/fwlink/?linkid=2214658",
  "WPF-Thumb-AutomationProperties": "https://go.microsoft.com/fwlink/?linkid=2214484",
  "WPF-Thumb-HelpText": "https://go.microsoft.com/fwlink/?linkid=2214570",
  "WPF-Thumb-IsControlElement": "https://go.microsoft.com/fwlink/?linkid=2214485",
  "WPF-TitleBar-AutomationProperties": "https://go.microsoft.com/fwlink/?linkid=2214484",
  "WPF-TitleBar-HelpText": "https://go.microsoft.com/fwlink/?linkid=2214570",
  "WPF-TitleBar-IsControlElement": "https://go.microsoft.com/fwlink/?linkid=2214485",
  "WPF-ToolBar-AutomationProperties": "https://go.microsoft.com/fwlink/?linkid=2214484",
  "WPF-ToolBar-HelpText": "https://go.microsoft.com/fwlink/?linkid=2214570",
  "WPF-ToolBar-IsControlElement": "https://go.microsoft.com/fwlink/?linkid=2214485",
  "WPF-ToolTip-AutomationProperties": "https://go.microsoft.com/fwlink/?linkid=2214484",
  "WPF-ToolTip-HelpText": "https://go.microsoft.com/fwlink/?linkid=2214570",
  "WPF-ToolTip-IsControlElement": "https://go.microsoft.com/fwlink/?linkid=2214485",
  "WPF-Tree-AutomationProperties": "https://go.microsoft.com/fwlink/?linkid=2214484",
  "WPF-Tree-HelpText": "https://go.microsoft.com/fwlink/?linkid=2214570",
  "WPF-Tree-IsControlElement": "https://go.microsoft.com/fwlink/?linkid=2214485",
  "WPF-TreeItem-AutomationProperties": "https://go.microsoft.com/fwlink/?linkid=2214484",
  "WPF-TreeItem-HelpText": "https://go.microsoft.com/fwlink/?linkid=2214570",
  "WPF-TreeItem-IsControlElement": "https://go.microsoft.com/fwlink/?linkid=2214485",
  "WPF-Window-AutomationProperties": "https://go.microsoft.com/fwlink/?linkid=2214484",
  "WPF-Window-HelpText": "https://go.microsoft.com/fwlink/?linkid=2214570",
  "WPF-Window-IsControlElement": "https://go.microsoft.com/fwlink/?linkid=2214485",
  "XAML-AppBar-AutomationProperties": "https://go.microsoft.com/fwlink/?linkid=2214471",
  "XAML-AppBar-DescribedBy": "https://go.microsoft.com/fwlink/?linkid=2214551",
  "XAML-AppBar-FullDescription": "https://go.microsoft.com/fwlink/?linkid=2214551",
  "XAML-AppBar-HelpText": "https://go.microsoft.com/fwlink/?linkid=2214551",
  "XAML-AppBar-IsControlElement": "https://go.microsoft.com/fwlink/?linkid=2214544",
  "XAML-AppBar-IsValuePatternAvailable": "https://go.microsoft.com/fwlink/?linkid=2214470",
  "XAML-AppBar-LandmarkType": "https://go.microsoft.com/fwlink/?linkid=2214461",
  "XAML-AppBar-Name": "https://go.microsoft.com/fwlink/?linkid=2214642",
  "XAML-AppBar-ShowContexMenu": "https://go.microsoft.com/fwlink/?linkid=2214545",
  "XAML-Button-AutomationProperties": "https://go.microsoft.com/fwlink/?linkid=2214471",
  "XAML-Button-DescribedBy": "https://go.microsoft.com/fwlink/?linkid=2214551",
  "XAML-Button-FullDescription": "https://go.microsoft.com/fwlink/?linkid=2214551",
  "XAML-Button-HelpText": "https://go.microsoft.com/fwlink/?linkid=2214551",
  "XAML-Button-IsControlElement": "https://go.microsoft.com/fwlink/?linkid=2214544",
  "XAML-Button-IsValuePatternAvailable": "https://go.microsoft.com/fwlink/?linkid=2214470",
  "XAML-Button-LandmarkType": "https://go.microsoft.com/fwlink/?linkid=2214461",
  "XAML-Button-Name": "https://go.microsoft.com/fwlink/?linkid=2214639",
  "XAML-Button-ShowContexMenu": "https://go.microsoft.com/fwlink/?linkid=2214545",
  "XAML-Calendar-AutomationProperties": "https://go.microsoft.com/fwlink/?linkid=2214471",
  "XAML-Calendar-DescribedBy": "https://go.microsoft.com/fwlink/?linkid=2214551",
  "XAML-Calendar-FullDescription": "https://go.microsoft.com/fwlink/?linkid=2214551",
  "XAML-Calendar-HelpText": "https://go.microsoft.com/fwlink/?linkid=2214551",
  "XAML-Calendar-IsControlElement": "https://go.microsoft.com/fwlink/?linkid=2214544",
  "XAML-Calendar-IsValuePatternAvailable": "https://go.microsoft.com/fwlink/?linkid=2214470",
  "XAML-Calendar-LandmarkType": "https://go.microsoft.com/fwlink/?linkid=2214461",
  "XAML-Calendar-Name": "https://go.microsoft.com/fwlink/?linkid=2214642",
  "XAML-Calendar-ShowContexMenu": "https://go.microsoft.com/fwlink/?linkid=2214545",
  "XAML-Canvas-IsControlElement": "https://go.microsoft.com/fwlink/?linkid=2214475",
  "XAML-CheckBox-AutomationProperties": "https://go.microsoft.com/fwlink/?linkid=2214471",
  "XAML-CheckBox-DescribedBy": "https://go.microsoft.com/fwlink/?linkid=2214551",
  "XAML-CheckBox-FullDescription": "https://go.microsoft.com/fwlink/?linkid=2214551",
  "XAML-CheckBox-HelpText": "https://go.microsoft.com/fwlink/?linkid=2214551",
  "XAML-CheckBox-IsControlElement": "https://go.microsoft.com/fwlink/?linkid=2214544",
  "XAML-CheckBox-IsValuePatternAvailable": "https://go.microsoft.com/fwlink/?linkid=2214470",
  "XAML-CheckBox-LandmarkType": "https://go.microsoft.com/fwlink/?linkid=2214461",
  "XAML-CheckBox-Name": "https://go.microsoft.com/fwlink/?linkid=2214642",
  "XAML-CheckBox-ShowContexMenu": "https://go.microsoft.com/fwlink/?linkid=2214545",
  "XAML-ComboBox-AutomationProperties": "https://go.microsoft.com/fwlink/?linkid=2214471",
  "XAML-ComboBox-DescribedBy": "https://go.microsoft.com/fwlink/?linkid=2214551",
  "XAML-ComboBox-FullDescription": "https://go.microsoft.com/fwlink/?linkid=2214551",
  "XAML-ComboBox-HelpText": "https://go.microsoft.com/fwlink/?linkid=2214551",
  "XAML-ComboBox-IsControlElement": "https://go.microsoft.com/fwlink/?linkid=2214544",
  "XAML-ComboBox-IsValuePatternAvailable": "https://go.microsoft.com/fwlink/?linkid=2214470",
  "XAML-ComboBox-LandmarkType": "https://go.microsoft.com/fwlink/?linkid=2214461",
  "XAML-ComboBox-Name": "https://go.microsoft.com/fwlink/?linkid=2214552",
  "XAML-ComboBox-ShowContexMenu": "https://go.microsoft.com/fwlink/?linkid=2214545",
  "XAML-Custom-AutomationProperties": "https://go.microsoft.com/fwlink/?linkid=2214471",
  "XAML-Custom-DescribedBy": "https://go.microsoft.com/fwlink/?linkid=2214551",
  "XAML-Custom-FullDescription": "https://go.microsoft.com/fwlink/?linkid=2214551",
  "XAML-Custom-HelpText": "https://go.microsoft.com/fwlink/?linkid=2214551",
  "XAML-Custom-IsControlElement": "https://go.microsoft.com/fwlink/?linkid=2214544",
  "XAML-Custom-IsValuePatternAvailable": "https://go.microsoft.com/fwlink/?linkid=2214470",
  "XAML-Custom-LandmarkType": "https://go.microsoft.com/fwlink/?linkid=2214461",
  "XAML-Custom-LiveSetting": "https://go.microsoft.com/fwlink/?linkid=2214473",
  "XAML-Custom-LocalizedControlType": "https://go.microsoft.com/fwlink/?linkid=2214648",
  "XAML-Custom-Name": "https://go.microsoft.com/fwlink/?linkid=2214560",
  "XAML-Custom-ShowContexMenu": "https://go.microsoft.com/fwlink/?linkid=2214545",
  "XAML-DataGrid-AutomationProperties": "https://go.microsoft.com/fwlink/?linkid=2214471",
  "XAML-DataGrid-DescribedBy": "https://go.microsoft.com/fwlink/?linkid=2214551",
  "XAML-DataGrid-FullDescription": "https://go.microsoft.com/fwlink/?linkid=2214551",
  "XAML-DataGrid-HelpText": "https://go.microsoft.com/fwlink/?linkid=2214551",
  "XAML-DataGrid-IsControlElement": "https://go.microsoft.com/fwlink/?linkid=2214544",
  "XAML-DataGrid-IsValuePatternAvailable": "https://go.microsoft.com/fwlink/?linkid=2214470",
  "XAML-DataGrid-LandmarkType": "https://go.microsoft.com/fwlink/?linkid=2214461",
  "XAML-DataGrid-Name": "https://go.microsoft.com/fwlink/?linkid=2214642",
  "XAML-DataGrid-ShowContexMenu": "https://go.microsoft.com/fwlink/?linkid=2214545",
  "XAML-DataItem-AutomationProperties": "https://go.microsoft.com/fwlink/?linkid=2214471",
  "XAML-DataItem-DescribedBy": "https://go.microsoft.com/fwlink/?linkid=2214551",
  "XAML-DataItem-FullDescription": "https://go.microsoft.com/fwlink/?linkid=2214551",
  "XAML-DataItem-HelpText": "https://go.microsoft.com/fwlink/?linkid=2214551",
  "XAML-DataItem-IsControlElement": "https://go.microsoft.com/fwlink/?linkid=2214544",
  "XAML-DataItem-IsValuePatternAvailable": "https://go.microsoft.com/fwlink/?linkid=2214470",
  "XAML-DataItem-LandmarkType": "https://go.microsoft.com/fwlink/?linkid=2214461",
  "XAML-DataItem-Name": "https://go.microsoft.com/fwlink/?linkid=2214642",
  "XAML-DataItem-ShowContexMenu": "https://go.microsoft.com/fwlink/?linkid=2214545",
  "XAML-Document-AutomationProperties": "https://go.microsoft.com/fwlink/?linkid=2214471",
  "XAML-Document-DescribedBy": "https://go.microsoft.com/fwlink/?linkid=2214551",
  "XAML-Document-FullDescription": "https://go.microsoft.com/fwlink/?linkid=2214551",
  "XAML-Document-HelpText": "https://go.microsoft.com/fwlink/?linkid=2214551",
  "XAML-Document-IsControlElement": "https://go.microsoft.com/fwlink/?linkid=2214544",
  "XAML-Document-IsValuePatternAvailable": "https://go.microsoft.com/fwlink/?linkid=2214470",
  "XAML-Document-LandmarkType": "https://go.microsoft.com/fwlink/?linkid=2214461",
  "XAML-Document-Name": "https://go.microsoft.com/fwlink/?linkid=2214642",
  "XAML-Document-ShowContexMenu": "https://go.microsoft.com/fwlink/?linkid=2214545",
  "XAML-Edit-AutomationProperties": "https://go.microsoft.com/fwlink/?linkid=2214471",
  "XAML-Edit-DescribedBy": "https://go.microsoft.com/fwlink/?linkid=2214551",
  "XAML-Edit-FullDescription": "https://go.microsoft.com/fwlink/?linkid=2214551",
  "XAML-Edit-HelpText": "https://go.microsoft.com/fwlink/?linkid=2214551",
  "XAML-Edit-IsControlElement": "https://go.microsoft.com/fwlink/?linkid=2214544",
  "XAML-Edit-IsValuePatternAvailable": "https://go.microsoft.com/fwlink/?linkid=2214470",
  "XAML-Edit-LandmarkType": "https://go.microsoft.com/fwlink/?linkid=2214461",
  "XAML-Edit-Name": "https://go.microsoft.com/fwlink/?linkid=2214553",
  "XAML-Edit-ShowContexMenu": "https://go.microsoft.com/fwlink/?linkid=2214545",
  "XAML-Group-AutomationProperties": "https://go.microsoft.com/fwlink/?linkid=2214471",
  "XAML-Group-ControlType": "https://go.microsoft.com/fwlink/?linkid=2214464",
  "XAML-Group-DescribedBy": "https://go.microsoft.com/fwlink/?linkid=2214472",
  "XAML-Group-FullDescription": "https://go.microsoft.com/fwlink/?linkid=2214472",
  "XAML-Group-HelpText": "https://go.microsoft.com/fwlink/?linkid=2214472",
  "XAML-Group-IsControlElement": "https://go.microsoft.com/fwlink/?linkid=2214544",
  "XAML-Group-IsValuePatternAvailable": "https://go.microsoft.com/fwlink/?linkid=2214470",
  "XAML-Group-LandmarkType": "https://go.microsoft.com/fwlink/?linkid=2214461",
  "XAML-Group-LocalizedControlType": "https://go.microsoft.com/fwlink/?linkid=2214558",
  "XAML-Group-Name": "https://go.microsoft.com/fwlink/?linkid=2214642",
  "XAML-Group-ShowContexMenu": "https://go.microsoft.com/fwlink/?linkid=2214545",
  "XAML-Header-AutomationProperties": "https://go.microsoft.com/fwlink/?linkid=2214471",
  "XAML-Header-DescribedBy": "https://go.microsoft.com/fwlink/?linkid=2214551",
  "XAML-Header-FullDescription": "https://go.microsoft.com/fwlink/?linkid=2214551",
  "XAML-Header-HelpText": "https://go.microsoft.com/fwlink/?linkid=2214551",
  "XAML-Header-IsControlElement": "https://go.microsoft.com/fwlink/?linkid=2214544",
  "XAML-Header-IsValuePatternAvailable": "https://go.microsoft.com/fwlink/?linkid=2214470",
  "XAML-Header-LandmarkType": "https://go.microsoft.com/fwlink/?linkid=2214461",
  "XAML-Header-Name": "https://go.microsoft.com/fwlink/?linkid=2214642",
  "XAML-Header-ShowContexMenu": "https://go.microsoft.com/fwlink/?linkid=2214545",
  "XAML-HeaderItem-AutomationProperties": "https://go.microsoft.com/fwlink/?linkid=2214471",
  "XAML-HeaderItem-DescribedBy": "https://go.microsoft.com/fwlink/?linkid=2214551",
  "XAML-HeaderItem-FullDescription": "https://go.microsoft.com/fwlink/?linkid=2214551",
  "XAML-HeaderItem-HelpText": "https://go.microsoft.com/fwlink/?linkid=2214551",
  "XAML-HeaderItem-IsControlElement": "https://go.microsoft.com/fwlink/?linkid=2214544",
  "XAML-HeaderItem-IsValuePatternAvailable": "https://go.microsoft.com/fwlink/?linkid=2214470",
  "XAML-HeaderItem-LandmarkType": "https://go.microsoft.com/fwlink/?linkid=2214461",
  "XAML-HeaderItem-Name": "https://go.microsoft.com/fwlink/?linkid=2214642",
  "XAML-HeaderItem-ShowContexMenu": "https://go.microsoft.com/fwlink/?linkid=2214545",
  "XAML-Hyperlink-AutomationProperties": "https://go.microsoft.com/fwlink/?linkid=2214471",
  "XAML-Hyperlink-DescribedBy": "https://go.microsoft.com/fwlink/?linkid=2214551",
  "XAML-Hyperlink-FullDescription": "https://go.microsoft.com/fwlink/?linkid=2214551",
  "XAML-Hyperlink-HelpText": "https://go.microsoft.com/fwlink/?linkid=2214551",
  "XAML-Hyperlink-IsControlElement": "https://go.microsoft.com/fwlink/?linkid=2214544",
  "XAML-Hyperlink-IsValuePatternAvailable": "https://go.microsoft.com/fwlink/?linkid=2214470",
  "XAML-Hyperlink-LandmarkType": "https://go.microsoft.com/fwlink/?linkid=2214461",
  "XAML-Hyperlink-Name": "https://go.microsoft.com/fwlink/?linkid=2214465",
  "XAML-Hyperlink-ShowContexMenu": "https://go.microsoft.com/fwlink/?linkid=2214545",
  "XAML-Image-AutomationProperties": "https://go.microsoft.com/fwlink/?linkid=2214471",
  "XAML-Image-DescribedBy": "https://go.microsoft.com/fwlink/?linkid=2214460",
  "XAML-Image-FullDescription": "https://go.microsoft.com/fwlink/?linkid=2214460",
  "XAML-Image-HelpText": "https://go.microsoft.com/fwlink/?linkid=2214460",
  "XAML-Image-IsControlElement": "https://go.microsoft.com/fwlink/?linkid=2214544",
  "XAML-Image-IsValuePatternAvailable": "https://go.microsoft.com/fwlink/?linkid=2214470",
  "XAML-Image-LandmarkType": "https://go.microsoft.com/fwlink/?linkid=2214461",
  "XAML-Image-Name": "https://go.microsoft.com/fwlink/?linkid=2214647",
  "XAML-Image-ShowContexMenu": "https://go.microsoft.com/fwlink/?linkid=2214545",
  "XAML-List-AutomationProperties": "https://go.microsoft.com/fwlink/?linkid=2214471",
  "XAML-List-DescribedBy": "https://go.microsoft.com/fwlink/?linkid=2214551",
  "XAML-List-FullDescription": "https://go.microsoft.com/fwlink/?linkid=2214551",
  "XAML-List-HelpText": "https://go.microsoft.com/fwlink/?linkid=2214551",
  "XAML-List-IsControlElement": "https://go.microsoft.com/fwlink/?linkid=2214544",
  "XAML-List-IsValuePatternAvailable": "https://go.microsoft.com/fwlink/?linkid=2214470",
  "XAML-List-LandmarkType": "https://go.microsoft.com/fwlink/?linkid=2214461",
  "XAML-List-Name": "https://go.microsoft.com/fwlink/?linkid=2214638",
  "XAML-List-ShowContexMenu": "https://go.microsoft.com/fwlink/?linkid=2214545",
  "XAML-ListItem-AutomationProperties": "https://go.microsoft.com/fwlink/?linkid=2214471",
  "XAML-ListItem-DescribedBy": "https://go.microsoft.com/fwlink/?linkid=2214551",
  "XAML-ListItem-FullDescription": "https://go.microsoft.com/fwlink/?linkid=2214551",
  "XAML-ListItem-HelpText": "https://go.microsoft.com/fwlink/?linkid=2214551",
  "XAML-ListItem-IsControlElement": "https://go.microsoft.com/fwlink/?linkid=2214544",
  "XAML-ListItem-IsValuePatternAvailable": "https://go.microsoft.com/fwlink/?linkid=2214470",
  "XAML-ListItem-LandmarkType": "https://go.microsoft.com/fwlink/?linkid=2214461",
  "XAML-ListItem-Name": "https://go.microsoft.com/fwlink/?linkid=2214549",
  "XAML-ListItem-ShowContexMenu": "https://go.microsoft.com/fwlink/?linkid=2214545",
  "XAML-Menu-AutomationProperties": "https://go.microsoft.com/fwlink/?linkid=2214471",
  "XAML-Menu-DescribedBy": "https://go.microsoft.com/fwlink/?linkid=2214551",
  "XAML-Menu-FullDescription": "https://go.microsoft.com/fwlink/?linkid=2214551",
  "XAML-Menu-HelpText": "https://go.microsoft.com/fwlink/?linkid=2214551",
  "XAML-Menu-IsControlElement": "https://go.microsoft.com/fwlink/?linkid=2214544",
  "XAML-Menu-IsValuePatternAvailable": "https://go.microsoft.com/fwlink/?linkid=2214470",
  "XAML-Menu-LandmarkType": "https://go.microsoft.com/fwlink/?linkid=2214461",
  "XAML-Menu-Name": "https://go.microsoft.com/fwlink/?linkid=2214642",
  "XAML-Menu-ShowContexMenu": "https://go.microsoft.com/fwlink/?linkid=2214545",
  "XAML-MenuBar-AutomationProperties": "https://go.microsoft.com/fwlink/?linkid=2214471",
  "XAML-MenuBar-DescribedBy": "https://go.microsoft.com/fwlink/?linkid=2214551",
  "XAML-MenuBar-FullDescription": "https://go.microsoft.com/fwlink/?linkid=2214551",
  "XAML-MenuBar-HelpText": "https://go.microsoft.com/fwlink/?linkid=2214551",
  "XAML-MenuBar-IsControlElement": "https://go.microsoft.com/fwlink/?linkid=2214544",
  "XAML-MenuBar-IsValuePatternAvailable": "https://go.microsoft.com/fwlink/?linkid=2214470",
  "XAML-MenuBar-LandmarkType": "https://go.microsoft.com/fwlink/?linkid=2214461",
  "XAML-MenuBar-Name": "https://go.microsoft.com/fwlink/?linkid=2214642",
  "XAML-MenuBar-ShowContexMenu": "https://go.microsoft.com/fwlink/?linkid=2214545",
  "XAML-MenuItem-AutomationProperties": "https://go.microsoft.com/fwlink/?linkid=2214471",
  "XAML-MenuItem-DescribedBy": "https://go.microsoft.com/fwlink/?linkid=2214551",
  "XAML-MenuItem-FullDescription": "https://go.microsoft.com/fwlink/?linkid=2214551",
  "XAML-MenuItem-HelpText": "https://go.microsoft.com/fwlink/?linkid=2214551",
  "XAML-MenuItem-IsControlElement": "https://go.microsoft.com/fwlink/?linkid=2214544",
  "XAML-MenuItem-IsValuePatternAvailable": "https://go.microsoft.com/fwlink/?linkid=2214470",
  "XAML-MenuItem-LandmarkType": "https://go.microsoft.com/fwlink/?linkid=2214461",
  "XAML-MenuItem-Name": "https://go.microsoft.com/fwlink/?linkid=2214642",
  "XAML-MenuItem-ShowContexMenu": "https://go.microsoft.com/fwlink/?linkid=2214545",
  "XAML-Pane-AutomationProperties": "https://go.microsoft.com/fwlink/?linkid=2214471",
  "XAML-Pane-DescribedBy": "https://go.microsoft.com/fwlink/?linkid=2214551",
  "XAML-Pane-FullDescription": "https://go.microsoft.com/fwlink/?linkid=2214551",
  "XAML-Pane-HelpText": "https://go.microsoft.com/fwlink/?linkid=2214551",
  "XAML-Pane-IsControlElement": "https://go.microsoft.com/fwlink/?linkid=2214544",
  "XAML-Pane-IsValuePatternAvailable": "https://go.microsoft.com/fwlink/?linkid=2214470",
  "XAML-Pane-LandmarkType": "https://go.microsoft.com/fwlink/?linkid=2214461",
  "XAML-Pane-Name": "https://go.microsoft.com/fwlink/?linkid=2214642",
  "XAML-Pane-ShowContexMenu": "https://go.microsoft.com/fwlink/?linkid=2214545",
  "XAML-ProgressBar-AutomationProperties": "https://go.microsoft.com/fwlink/?linkid=2214471",
  "XAML-ProgressBar-DescribedBy": "https://go.microsoft.com/fwlink/?linkid=2214551",
  "XAML-ProgressBar-FullDescription": "https://go.microsoft.com/fwlink/?linkid=2214551",
  "XAML-ProgressBar-HelpText": "https://go.microsoft.com/fwlink/?linkid=2214551",
  "XAML-ProgressBar-IsControlElement": "https://go.microsoft.com/fwlink/?linkid=2214544",
  "XAML-ProgressBar-IsValuePatternAvailable": "https://go.microsoft.com/fwlink/?linkid=2214470",
  "XAML-ProgressBar-LandmarkType": "https://go.microsoft.com/fwlink/?linkid=2214461",
  "XAML-ProgressBar-Name": "https://go.microsoft.com/fwlink/?linkid=2214642",
  "XAML-ProgressBar-ShowContexMenu": "https://go.microsoft.com/fwlink/?linkid=2214545",
  "XAML-RadioButton-AutomationProperties": "https://go.microsoft.com/fwlink/?linkid=2214471",
  "XAML-RadioButton-DescribedBy": "https://go.microsoft.com/fwlink/?linkid=2214551",
  "XAML-RadioButton-FullDescription": "https://go.microsoft.com/fwlink/?linkid=2214551",
  "XAML-RadioButton-HelpText": "https://go.microsoft.com/fwlink/?linkid=2214551",
  "XAML-RadioButton-IsControlElement": "https://go.microsoft.com/fwlink/?linkid=2214544",
  "XAML-RadioButton-IsValuePatternAvailable": "https://go.microsoft.com/fwlink/?linkid=2214470",
  "XAML-RadioButton-LandmarkType": "https://go.microsoft.com/fwlink/?linkid=2214461",
  "XAML-RadioButton-Name": "https://go.microsoft.com/fwlink/?linkid=2214642",
  "XAML-RadioButton-ShowContexMenu": "https://go.microsoft.com/fwlink/?linkid=2214545",
  "XAML-ScrollBar-AutomationProperties": "https://go.microsoft.com/fwlink/?linkid=2214471",
  "XAML-ScrollBar-DescribedBy": "https://go.microsoft.com/fwlink/?linkid=2214551",
  "XAML-ScrollBar-FullDescription": "https://go.microsoft.com/fwlink/?linkid=2214551",
  "XAML-ScrollBar-HelpText": "https://go.microsoft.com/fwlink/?linkid=2214551",
  "XAML-ScrollBar-IsControlElement": "https://go.microsoft.com/fwlink/?linkid=2214544",
  "XAML-ScrollBar-IsValuePatternAvailable": "https://go.microsoft.com/fwlink/?linkid=2214470",
  "XAML-ScrollBar-LandmarkType": "https://go.microsoft.com/fwlink/?linkid=2214461",
  "XAML-ScrollBar-Name": "https://go.microsoft.com/fwlink/?linkid=2214642",
  "XAML-ScrollBar-ShowContexMenu": "https://go.microsoft.com/fwlink/?linkid=2214545",
  "XAML-SemanticZoom-AutomationProperties": "https://go.microsoft.com/fwlink/?linkid=2214471",
  "XAML-SemanticZoom-DescribedBy": "https://go.microsoft.com/fwlink/?linkid=2214551",
  "XAML-SemanticZoom-FullDescription": "https://go.microsoft.com/fwlink/?linkid=2214551",
  "XAML-SemanticZoom-HelpText": "https://go.microsoft.com/fwlink/?linkid=2214551",
  "XAML-SemanticZoom-IsControlElement": "https://go.microsoft.com/fwlink/?linkid=2214544",
  "XAML-SemanticZoom-IsValuePatternAvailable": "https://go.microsoft.com/fwlink/?linkid=2214470",
  "XAML-SemanticZoom-LandmarkType": "https://go.microsoft.com/fwlink/?linkid=2214461",
  "XAML-SemanticZoom-Name": "https://go.microsoft.com/fwlink/?linkid=2214642",
  "XAML-SemanticZoom-ShowContexMenu": "https://go.microsoft.com/fwlink/?linkid=2214545",
  "XAML-Separator-AutomationProperties": "https://go.microsoft.com/fwlink/?linkid=2214471",
  "XAML-Separator-DescribedBy": "https://go.microsoft.com/fwlink/?linkid=2214551",
  "XAML-Separator-FullDescription": "https://go.microsoft.com/fwlink/?linkid=2214551",
  "XAML-Separator-HelpText": "https://go.microsoft.com/fwlink/?linkid=2214551",
  "XAML-Separator-IsControlElement": "https://go.microsoft.com/fwlink/?linkid=2214544",
  "XAML-Separator-IsValuePatternAvailable": "https://go.microsoft.com/fwlink/?linkid=2214470",
  "XAML-Separator-LandmarkType": "https://go.microsoft.com/fwlink/?linkid=2214461",
  "XAML-Separator-Name": "https://go.microsoft.com/fwlink/?linkid=2214642",
  "XAML-Separator-ShowContexMenu": "https://go.microsoft.com/fwlink/?linkid=2214545",
  "XAML-Slider-AutomationProperties": "https://go.microsoft.com/fwlink/?linkid=2214471",
  "XAML-Slider-DescribedBy": "https://go.microsoft.com/fwlink/?linkid=2214551",
  "XAML-Slider-FullDescription": "https://go.microsoft.com/fwlink/?linkid=2214551",
  "XAML-Slider-HelpText": "https://go.microsoft.com/fwlink/?linkid=2214551",
  "XAML-Slider-IsControlElement": "https://go.microsoft.com/fwlink/?linkid=2214544",
  "XAML-Slider-IsValuePatternAvailable": "https://go.microsoft.com/fwlink/?linkid=2214470",
  "XAML-Slider-LandmarkType": "https://go.microsoft.com/fwlink/?linkid=2214461",
  "XAML-Slider-Name": "https://go.microsoft.com/fwlink/?linkid=2214546",
  "XAML-Slider-ShowContexMenu": "https://go.microsoft.com/fwlink/?linkid=2214545",
  "XAML-Spinner-AutomationProperties": "https://go.microsoft.com/fwlink/?linkid=2214471",
  "XAML-Spinner-DescribedBy": "https://go.microsoft.com/fwlink/?linkid=2214551",
  "XAML-Spinner-FullDescription": "https://go.microsoft.com/fwlink/?linkid=2214551",
  "XAML-Spinner-HelpText": "https://go.microsoft.com/fwlink/?linkid=2214551",
  "XAML-Spinner-IsControlElement": "https://go.microsoft.com/fwlink/?linkid=2214544",
  "XAML-Spinner-IsValuePatternAvailable": "https://go.microsoft.com/fwlink/?linkid=2214470",
  "XAML-Spinner-LandmarkType": "https://go.microsoft.com/fwlink/?linkid=2214461",
  "XAML-Spinner-Name": "https://go.microsoft.com/fwlink/?linkid=2214642",
  "XAML-Spinner-ShowContexMenu": "https://go.microsoft.com/fwlink/?linkid=2214545",
  "XAML-SplitButton-AutomationProperties": "https://go.microsoft.com/fwlink/?linkid=2214471",
  "XAML-SplitButton-DescribedBy": "https://go.microsoft.com/fwlink/?linkid=2214551",
  "XAML-SplitButton-FullDescription": "https://go.microsoft.com/fwlink/?linkid=2214551",
  "XAML-SplitButton-HelpText": "https://go.microsoft.com/fwlink/?linkid=2214551",
  "XAML-SplitButton-IsControlElement": "https://go.microsoft.com/fwlink/?linkid=2214544",
  "XAML-SplitButton-IsValuePatternAvailable": "https://go.microsoft.com/fwlink/?linkid=2214470",
  "XAML-SplitButton-LandmarkType": "https://go.microsoft.com/fwlink/?linkid=2214461",
  "XAML-SplitButton-Name": "https://go.microsoft.com/fwlink/?linkid=2214642",
  "XAML-SplitButton-ShowContexMenu": "https://go.microsoft.com/fwlink/?linkid=2214545",
  "XAML-StatusBar-AutomationProperties": "https://go.microsoft.com/fwlink/?linkid=2214471",
  "XAML-StatusBar-DescribedBy": "https://go.microsoft.com/fwlink/?linkid=2214551",
  "XAML-StatusBar-FullDescription": "https://go.microsoft.com/fwlink/?linkid=2214551",
  "XAML-StatusBar-HelpText": "https://go.microsoft.com/fwlink/?linkid=2214551",
  "XAML-StatusBar-IsControlElement": "https://go.microsoft.com/fwlink/?linkid=2214544",
  "XAML-StatusBar-IsValuePatternAvailable": "https://go.microsoft.com/fwlink/?linkid=2214470",
  "XAML-StatusBar-LandmarkType": "https://go.microsoft.com/fwlink/?linkid=2214461",
  "XAML-StatusBar-Name": "https://go.microsoft.com/fwlink/?linkid=2214642",
  "XAML-StatusBar-ShowContexMenu": "https://go.microsoft.com/fwlink/?linkid=2214545",
  "XAML-Tab-AutomationProperties": "https://go.microsoft.com/fwlink/?linkid=2214471",
  "XAML-Tab-DescribedBy": "https://go.microsoft.com/fwlink/?linkid=2214551",
  "XAML-Tab-FullDescription": "https://go.microsoft.com/fwlink/?linkid=2214551",
  "XAML-Tab-HelpText": "https://go.microsoft.com/fwlink/?linkid=2214551",
  "XAML-Tab-IsControlElement": "https://go.microsoft.com/fwlink/?linkid=2214544",
  "XAML-Tab-IsValuePatternAvailable": "https://go.microsoft.com/fwlink/?linkid=2214470",
  "XAML-Tab-LandmarkType": "https://go.microsoft.com/fwlink/?linkid=2214461",
  "XAML-Tab-Name": "https://go.microsoft.com/fwlink/?linkid=2214642",
  "XAML-Tab-ShowContexMenu": "https://go.microsoft.com/fwlink/?linkid=2214545",
  "XAML-TabItem-AutomationProperties": "https://go.microsoft.com/fwlink/?linkid=2214471",
  "XAML-TabItem-DescribedBy": "https://go.microsoft.com/fwlink/?linkid=2214551",
  "XAML-TabItem-FullDescription": "https://go.microsoft.com/fwlink/?linkid=2214551",
  "XAML-TabItem-HelpText": "https://go.microsoft.com/fwlink/?linkid=2214551",
  "XAML-TabItem-IsControlElement": "https://go.microsoft.com/fwlink/?linkid=2214544",
  "XAML-TabItem-IsValuePatternAvailable": "https://go.microsoft.com/fwlink/?linkid=2214470",
  "XAML-TabItem-LandmarkType": "https://go.microsoft.com/fwlink/?linkid=2214461",
  "XAML-TabItem-Name": "https://go.microsoft.com/fwlink/?linkid=2214642",
  "XAML-TabItem-ShowContexMenu": "https://go.microsoft.com/fwlink/?linkid=2214545",
  "XAML-Table-AutomationProperties": "https://go.microsoft.com/fwlink/?linkid=2214471",
  "XAML-Table-DescribedBy": "https://go.microsoft.com/fwlink/?linkid=2214551",
  "XAML-Table-FullDescription": "https://go.microsoft.com/fwlink/?linkid=2214551",
  "XAML-Table-HelpText": "https://go.microsoft.com/fwlink/?linkid=2214551",
  "XAML-Table-IsControlElement": "https://go.microsoft.com/fwlink/?linkid=2214544",
  "XAML-Table-IsValuePatternAvailable": "https://go.microsoft.com/fwlink/?linkid=2214470",
  "XAML-Table-LandmarkType": "https://go.microsoft.com/fwlink/?linkid=2214461",
  "XAML-Table-Name": "https://go.microsoft.com/fwlink/?linkid=2214642",
  "XAML-Table-ShowContexMenu": "https://go.microsoft.com/fwlink/?linkid=2214545",
  "XAML-Text-AutomationProperties": "https://go.microsoft.com/fwlink/?linkid=2214471",
  "XAML-Text-DescribedBy": "https://go.microsoft.com/fwlink/?linkid=2214551",
  "XAML-Text-FullDescription": "https://go.microsoft.com/fwlink/?linkid=2214551",
  "XAML-Text-HelpText": "https://go.microsoft.com/fwlink/?linkid=2214551",
  "XAML-Text-IsControlElement": "https://go.microsoft.com/fwlink/?linkid=2214640",
  "XAML-Text-IsValuePatternAvailable": "https://go.microsoft.com/fwlink/?linkid=2214470",
  "XAML-Text-LandmarkType": "https://go.microsoft.com/fwlink/?linkid=2214461",
  "XAML-Text-LiveSetting": "https://go.microsoft.com/fwlink/?linkid=2214467",
  "XAML-Text-Name": "https://go.microsoft.com/fwlink/?linkid=2214642",
  "XAML-Text-ShowContexMenu": "https://go.microsoft.com/fwlink/?linkid=2214545",
  "XAML-Thumb-AutomationProperties": "https://go.microsoft.com/fwlink/?linkid=2214471",
  "XAML-Thumb-DescribedBy": "https://go.microsoft.com/fwlink/?linkid=2214551",
  "XAML-Thumb-FullDescription": "https://go.microsoft.com/fwlink/?linkid=2214551",
  "XAML-Thumb-HelpText": "https://go.microsoft.com/fwlink/?linkid=2214551",
  "XAML-Thumb-IsControlElement": "https://go.microsoft.com/fwlink/?linkid=2214544",
  "XAML-Thumb-IsValuePatternAvailable": "https://go.microsoft.com/fwlink/?linkid=2214470",
  "XAML-Thumb-LandmarkType": "https://go.microsoft.com/fwlink/?linkid=2214461",
  "XAML-Thumb-Name": "https://go.microsoft.com/fwlink/?linkid=2214642",
  "XAML-Thumb-ShowContexMenu": "https://go.microsoft.com/fwlink/?linkid=2214545",
  "XAML-TitleBar-AutomationProperties": "https://go.microsoft.com/fwlink/?linkid=2214471",
  "XAML-TitleBar-DescribedBy": "https://go.microsoft.com/fwlink/?linkid=2214551",
  "XAML-TitleBar-FullDescription": "https://go.microsoft.com/fwlink/?linkid=2214551",
  "XAML-TitleBar-HelpText": "https://go.microsoft.com/fwlink/?linkid=2214551",
  "XAML-TitleBar-IsControlElement": "https://go.microsoft.com/fwlink/?linkid=2214544",
  "XAML-TitleBar-IsValuePatternAvailable": "https://go.microsoft.com/fwlink/?linkid=2214470",
  "XAML-TitleBar-LandmarkType": "https://go.microsoft.com/fwlink/?linkid=2214461",
  "XAML-TitleBar-Name": "https://go.microsoft.com/fwlink/?linkid=2214642",
  "XAML-TitleBar-ShowContexMenu": "https://go.microsoft.com/fwlink/?linkid=2214545",
  "XAML-ToolBar-AutomationProperties": "https://go.microsoft.com/fwlink/?linkid=2214471",
  "XAML-ToolBar-DescribedBy": "https://go.microsoft.com/fwlink/?linkid=2214551",
  "XAML-ToolBar-FullDescription": "https://go.microsoft.com/fwlink/?linkid=2214551",
  "XAML-ToolBar-HelpText": "https://go.microsoft.com/fwlink/?linkid=2214551",
  "XAML-ToolBar-IsControlElement": "https://go.microsoft.com/fwlink/?linkid=2214544",
  "XAML-ToolBar-IsValuePatternAvailable": "https://go.microsoft.com/fwlink/?linkid=2214470",
  "XAML-ToolBar-LandmarkType": "https://go.microsoft.com/fwlink/?linkid=2214461",
  "XAML-ToolBar-Name": "https://go.microsoft.com/fwlink/?linkid=2214642",
  "XAML-ToolBar-ShowContexMenu": "https://go.microsoft.com/fwlink/?linkid=2214545",
  "XAML-ToolTip-AutomationProperties": "https://go.microsoft.com/fwlink/?linkid=2214471",
  "XAML-ToolTip-DescribedBy": "https://go.microsoft.com/fwlink/?linkid=2214551",
  "XAML-ToolTip-FullDescription": "https://go.microsoft.com/fwlink/?linkid=2214551",
  "XAML-ToolTip-HelpText": "https://go.microsoft.com/fwlink/?linkid=2214551",
  "XAML-ToolTip-IsControlElement": "https://go.microsoft.com/fwlink/?linkid=2214544",
  "XAML-ToolTip-IsValuePatternAvailable": "https://go.microsoft.com/fwlink/?linkid=2214470",
  "XAML-ToolTip-LandmarkType": "https://go.microsoft.com/fwlink/?linkid=2214461",
  "XAML-ToolTip-Name": "https://go.microsoft.com/fwlink/?linkid=2214642",
  "XAML-ToolTip-ShowContexMenu": "https://go.microsoft.com/fwlink/?linkid=2214545",
  "XAML-Tree-AutomationProperties": "https://go.microsoft.com/fwlink/?linkid=2214471",
  "XAML-Tree-DescribedBy": "https://go.microsoft.com/fwlink/?linkid=2214551",
  "XAML-Tree-FullDescription": "https://go.microsoft.com/fwlink/?linkid=2214551",
  "XAML-Tree-HelpText": "https://go.microsoft.com/fwlink/?linkid=2214551",
  "XAML-Tree-IsControlElement": "https://go.microsoft.com/fwlink/?linkid=2214544",
  "XAML-Tree-IsValuePatternAvailable": "https://go.microsoft.com/fwlink/?linkid=2214470",
  "XAML-Tree-LandmarkType": "https://go.microsoft.com/fwlink/?linkid=2214461",
  "XAML-Tree-Name": "https://go.microsoft.com/fwlink/?linkid=2214642",
  "XAML-Tree-ShowContexMenu": "https://go.microsoft.com/fwlink/?linkid=2214545",
  "XAML-TreeItem-AutomationProperties": "https://go.microsoft.com/fwlink/?linkid=2214471",
  "XAML-TreeItem-DescribedBy": "https://go.microsoft.com/fwlink/?linkid=2214551",
  "XAML-TreeItem-FullDescription": "https://go.microsoft.com/fwlink/?linkid=2214551",
  "XAML-TreeItem-HelpText": "https://go.microsoft.com/fwlink/?linkid=2214551",
  "XAML-TreeItem-IsControlElement": "https://go.microsoft.com/fwlink/?linkid=2214544",
  "XAML-TreeItem-IsValuePatternAvailable": "https://go.microsoft.com/fwlink/?linkid=2214470",
  "XAML-TreeItem-LandmarkType": "https://go.microsoft.com/fwlink/?linkid=2214461",
  "XAML-TreeItem-Name": "https://go.microsoft.com/fwlink/?linkid=2214642",
  "XAML-TreeItem-ShowContexMenu": "https://go.microsoft.com/fwlink/?linkid=2214545",
  "XAML-UIAHierarchy-RadioButton": "https://go.microsoft.com/fwlink/?linkid=2214474",
  "XAML-Window-AutomationProperties": "https://go.microsoft.com/fwlink/?linkid=2214471",
  "XAML-Window-DescribedBy": "https://go.microsoft.com/fwlink/?linkid=2214551",
  "XAML-Window-FullDescription": "https://go.microsoft.com/fwlink/?linkid=2214551",
  "XAML-Window-HelpText": "https://go.microsoft.com/fwlink/?linkid=2214551",
  "XAML-Window-IsControlElement": "https://go.microsoft.com/fwlink/?linkid=2214544",
  "XAML-Window-IsValuePatternAvailable": "https://go.microsoft.com/fwlink/?linkid=2214470",
  "XAML-Window-LandmarkType": "https://go.microsoft.com/fwlink/?linkid=2214461",
  "XAML-Window-Name": "https://go.microsoft.com/fwlink/?linkid=2214642",
  "XAML-Window-ShowContexMenu": "https://go.microsoft.com/fwlink/?linkid=2214545"
}